{"cameraMode":{"drawMode":0,"name":"Shaded","section":"Shading Mode"},"sceneLighting":true,"audioPlay":false,"sceneViewState":{"showFog":true,"showMaterialUpdate":false,"showSkybox":true,"showFlares":true,"showImageEffects":true,"showParticleSystems":true},"in2DMode":false,"pivot":{"x":-5.07887601852417,"y":6.394927978515625,"z":-5.133286476135254},"rotation":{"x":0.7066512703895569,"y":-0.025449473410844804,"z":0.025451168417930604,"w":0.7066503763198853},"size":94.19438171386719,"orthographic":false}