{"cameraMode":{"drawMode":0,"name":"Shaded","section":"Shading Mode"},"sceneLighting":false,"audioPlay":false,"sceneViewState":{"showFog":true,"showMaterialUpdate":false,"showSkybox":true,"showFlares":true,"showImageEffects":true,"showParticleSystems":true},"in2DMode":false,"pivot":{"x":4.76837158203125e-7,"y":0.8155527114868164,"z":0.7874317169189453},"rotation":{"x":0.6196303963661194,"y":-0.014125263318419457,"z":0.011155236512422562,"w":0.7846893072128296},"size":8.645232200622559,"orthographic":false}